Replace,Search
availability,available
design,bestlooking
design,betterlooking
brand,brand
brand,brands
dealer,dealership
dealer,dealers
design,designing
design,designed
design,designs
design,look
design,styling
design,design
design,style
design,modern
design,lookswise
ease,manual
economy,price
economy,expensive
economy,cheap
economy,money
economy,cost
economy,value
economy,prices
economy,premium
economy,costs
economy,expensive
economy,cheap
economy,luxury
economy,msrp
economy,cheaper
economy,rate
economy,pricing
efficiency,mpg
efficiency,fuel
efficiency,epa
efficiency,gas
efficiency,mileage
efficiency,ecoboost
engine,v6
engine,engine
engine,power
engine,turbo
engine,engines
engine,oil
engine,diesel
engine,cylinder
engine,motor
engine,4cyl
engine,powertrain
engine,4cylinder
engine,v6s
engine,fourcylinder
engine,cylinders
engine,engines
experience,experience
experience,comfortable
experience,comfort
exterior,front
exterior,door
exterior,color
exterior,outside
exterior,window
exterior,lights
exterior,windows
exterior,doors
features,feature
features,features
features,camera
features,radio
features,equipment
features,bluetooth
features,key
features,mirrors
functionality,system
design,goodlooking
hybrid,hybrids
interior,interior
interior,inside
interior,trunk
interior,interiors
noise,noise
part,parts
performance,driving
performance,handling
performance,speed
performance,steering
performance,awd
performance,torque
performance,mph
performance,performance
performance,brakes
performance,acceleration
performance,brake
performance,fwd
performance,speeds
performance,throttle
price,price
reliability,reliable
safety,crash
safety,accident
safety,safety
safety,crash
seating,seat
seating,leather
seating,sit
service,service
size,midsize(d)
size,sized
size,midsized
size,size
size,large
size,compact
size,larger
size,space
size,bigger
design,stylish
transmission,cvt
transmission,automatic
transmission,gear
transmission,transmissions
warranty,warranty
wheel,tires
wheel,tires
wheel,tire
wheel,traction
wheel,wheels
design,designing
design,designed
design,designs
aspirational,hope to
aspirational,dream
aspirational,wish to
aspirational,want to
aspirational,will buy
aspirational,will definitely buy
aspirational,"buy, if I could"
aspirational,buy if I could
aspirational,buy in the future
aspirational,love
aspirational,admire
aspirational,if money did't matter
aspirational,die to
aspirational,keen on
aspirational,wanna
aspirational,delighted
aspirational,crazy for
